<?xml version="1.0" encoding="UTF-8"?>
<beans xmlns="http://www.springframework.org/schema/beans"
	xmlns:util="http://www.springframework.org/schema/util" 
	xmlns:xsi="http://www.w3.org/2001/XMLSchema-instance" xmlns:context="http://www.springframework.org/schema/context"
	xmlns:mvc="http://www.springframework.org/schema/mvc" xmlns:aop="http://www.springframework.org/schema/aop"
	xmlns:tx="http://www.springframework.org/schema/tx"
	xsi:schemaLocation="http://www.springframework.org/schema/beans 
  http://www.springframework.org/schema/beans/spring-beans-3.0.xsd 
  http://www.springframework.org/schema/context 
  http://www.springframework.org/schema/context/spring-context-3.0.xsd 
  http://www.springframework.org/schema/aop
  http://www.springframework.org/schema/aop/spring-aop-3.0.xsd 
  http://www.springframework.org/schema/mvc 
  http://www.springframework.org/schema/mvc/spring-mvc.xsd
  http://www.springframework.org/schema/util 
  http://www.springframework.org/schema/util/spring-util-3.0.xsd
  http://www.springframework.org/schema/tx
        http://www.springframework.org/schema/tx/spring-tx.xsd">
	<context:component-scan base-package="com" />
	<tx:annotation-driven/>
	<mvc:annotation-driven />
	
	<util:properties id="multitenancyConfiguration" location="classpath:app-config/demo.properties" /> 
	 <bean id="transactionManager" class="org.springframework.jdbc.datasource.DataSourceTransactionManager">
        <!-- (this dependency is defined somewhere else) -->
        <property name="dataSource" ref="dataSource"/>
    </bean>
    <bean id="dataSource"
		class="org.springframework.jdbc.datasource.DriverManagerDataSource">
		
		<property name="driverClassName" value="com.mysql.jdbc.Driver" />
		<property name="url" value="jdbc:mysql://localhost:3306/appDb" />
		<property name="username" value="root" />
		<property name="password" value="gk" />
	</bean>  
	<!-- <bean id="entityManagerFactory" class="org.springframework.orm.jpa.LocalContainerEntityManagerFactoryBean" depends-on="springUtils">  
    <property name="persistenceUnitName" value="PersistenceUnitAdmin" />  
    <property name="jpaVendorAdapter">  
        <bean id="jpaAdapter" class="org.springframework.orm.jpa.vendor.HibernateJpaVendorAdapter">  
            <property name="showSql" value="true" />  
            <property name="generateDdl" value="false" />  
        </bean>  
    </property>  
    <property name="jpaProperties">  
        <props>  
            <prop key="hibernate.listeners.envers.autoRegister">false</prop>  
            <prop key="hibernate.jdbc.batch_size">50</prop>  
            <prop key="hibernate.order_inserts">true</prop>  
            <prop key="hibernate.order_updates">true</prop>  
        </props>  
    </property>  
  
    <property name="persistenceUnitManager" ref="persistenceUnitManagerAdmin" />  
	</bean> -->
<!-- 	<bean id="persistenceUnitManagerAdmin" class="org.springframework.orm.jpa.persistenceunit.DefaultPersistenceUnitManager">  
    <property name="persistenceXmlLocations">  
        <list>  
            <value>classpath*:META-INF/persistence.xml</value>  
        </list>  
    </property>  
    <property name="persistenceUnitPostProcessors">  
        <list>  
            <ref bean="persistenceScanner" />  
        </list>  
    </property>  
    <property name="defaultDataSource" ref="dataSource">  
	</property>
	</bean>  
	<bean id="persistenceScanner" class="com.nucleus.persistence.PersistenceScanner">  
    <property name="packagesToScan">  
        <list>  
            <value>com</value>  
        </list>  
    </property>  
	</bean>  
 -->	<!-- <bean id="dataSource"
		class="org.springframework.jdbc.datasource.DriverManagerDataSource">
		
		<property name="driverClassName" value="com.mysql.jdbc.Driver" />
		<property name="url" value="jdbc:mysql://localhost:3306/appDb" />
		<property name="username" value="root" />
		<property name="password" value="gk" />
	</bean>  
  
	<bean id="multiTenancyUtils" class="com.nucleus.persistence.MultiTenancyUtils" />  
	<bean id="springUtils" class="com.nucleus.persistence.SpringUtils" depends-on="multiTenancyUtils">  
	</bean>
	
	<tx:annotation-driven transaction-manager="txManager"/>a PlatformTransactionManager is still required
    <bean id="txManager" class="org.springframework.jdbc.datasource.DataSourceTransactionManager">
        (this dependency is defined somewhere else)
        <property name="dataSource" ref="dataSource"/> 
    </bean> -->
	<bean id="viewResolver"
		class="org.springframework.web.servlet.view.InternalResourceViewResolver">
		<property name="prefix" value="/WEB-INF/jsp/" />
		<property name="suffix" value=".jsp" />
	</bean>
	
</beans>




